idSorteo,fecha,tipo,ganador,nuevo,n1,n2,n3,n4,n5,sb
1671,22/04/2017,Tr,NO,SI,15,28,36,37,41,10
1671,22/04/2017,Re,NO,SI,03,09,10,21,40,10
1672,26/04/2017,Tr,NO,SI,01,02,25,31,33,14
1672,26/04/2017,Re,NO,SI,09,12,16,28,38,01
1673,29/04/2017,Tr,NO,SI,06,19,25,28,36,01
1673,29/04/2017,Re,NO,SI,08,21,22,37,38,04
1674,03/05/2017,Tr,NO,SI,05,06,07,12,37,06
1674,03/05/2017,Re,NO,SI,05,12,15,20,42,14
1675,06/05/2017,Tr,NO,SI,01,20,36,39,43,10
1675,06/05/2017,Re,NO,SI,03,05,08,20,24,14
1676,10/05/2017,Tr,NO,SI,12,19,22,35,38,01
1676,10/05/2017,Re,NO,SI,03,04,29,40,43,04
1677,13/05/2017,Tr,NO,SI,11,19,27,28,37,08
1677,13/05/2017,Re,NO,SI,14,22,24,25,32,07
1678,17/05/2017,Tr,NO,SI,15,21,26,28,36,03
1678,17/05/2017,Re,NO,SI,01,20,25,27,34,03
1679,20/05/2017,Tr,NO,SI,01,11,28,31,41,09
1679,20/05/2017,Re,NO,SI,04,13,20,31,33,08
1680,24/05/2017,Tr,NO,SI,07,22,29,32,41,14
1680,24/05/2017,Re,NO,SI,11,28,31,33,41,07
1681,27/05/2017,Tr,NO,SI,08,12,20,36,40,01
1681,27/05/2017,Re,NO,SI,17,28,29,37,40,14
1682,31/05/2017,Tr,NO,SI,12,13,25,31,42,16
1682,31/05/2017,Re,NO,SI,05,20,21,25,26,03
1683,03/06/2017,Tr,NO,SI,03,26,33,34,38,16
1683,03/06/2017,Re,NO,SI,08,10,19,22,30,03
1684,07/06/2017,Tr,NO,SI,03,20,33,34,40,14
1684,07/06/2017,Re,NO,SI,03,13,16,20,26,01
1685,10/06/2017,Tr,NO,SI,13,20,26,29,40,07
1685,10/06/2017,Re,NO,SI,22,25,26,40,43,14
1686,14/06/2017,Tr,NO,SI,02,09,12,34,40,07
1686,14/06/2017,Re,NO,SI,05,13,17,22,40,13
1687,17/06/2017,Tr,NO,SI,09,20,24,31,33,16
1687,17/06/2017,Re,NO,SI,10,19,32,38,40,14
1688,21/06/2017,Tr,NO,SI,04,06,14,17,29,05
1688,21/06/2017,Re,NO,SI,12,21,25,27,34,10
1689,24/06/2017,Tr,NO,SI,03,04,09,20,32,11
1689,24/06/2017,Re,NO,SI,01,03,07,16,32,04
1690,28/06/2017,Tr,NO,SI,18,22,32,37,39,02
1690,28/06/2017,Re,NO,SI,04,07,08,24,41,13
1691,01/07/2017,Tr,NO,SI,10,16,18,35,40,06
1691,01/07/2017,Re,NO,SI,04,17,21,35,40,01
1692,05/07/2017,Tr,NO,SI,20,22,25,37,43,08
1692,05/07/2017,Re,NO,SI,16,25,31,32,34,05
1693,08/07/2017,Tr,NO,SI,01,07,12,19,21,08
1693,08/07/2017,Re,NO,SI,13,15,16,31,37,14
1694,12/07/2017,Tr,NO,SI,07,23,30,33,36,04
1694,12/07/2017,Re,NO,SI,01,11,19,20,37,05
1695,15/07/2017,Tr,NO,SI,07,23,24,34,39,04
1695,15/07/2017,Re,NO,SI,26,29,30,35,36,06
1696,19/07/2017,Tr,NO,SI,14,15,20,25,40,12
1696,19/07/2017,Re,NO,SI,09,10,27,35,42,12
1697,22/07/2017,Tr,NO,SI,06,09,15,37,42,16
1697,22/07/2017,Re,NO,SI,04,29,30,31,42,16
1698,26/07/2017,Tr,NO,SI,01,27,31,34,36,11
1698,26/07/2017,Re,NO,SI,17,18,31,34,39,14
1699,29/07/2017,Tr,NO,SI,03,13,14,17,23,02
1699,29/07/2017,Re,NO,SI,11,14,23,30,35,12
1700,02/08/2017,Tr,NO,SI,01,22,31,32,37,16
1700,02/08/2017,Re,NO,SI,04,17,33,34,35,14
1701,05/08/2017,Tr,NO,SI,14,25,28,37,41,13
1701,05/08/2017,Re,NO,SI,02,06,08,12,29,13
1702,09/08/2017,Tr,NO,SI,04,05,09,13,40,15
1702,09/08/2017,Re,NO,SI,03,12,14,23,41,10
1703,12/08/2017,Tr,NO,SI,15,16,18,19,37,11
1703,12/08/2017,Re,NO,SI,10,12,27,34,40,10
1704,16/08/2017,Tr,NO,SI,06,14,32,34,42,10
1704,16/08/2017,Re,NO,SI,04,06,20,29,38,12
1705,19/08/2017,Tr,NO,SI,01,05,06,13,26,06
1705,19/08/2017,Re,NO,SI,02,06,14,20,27,01
1706,23/08/2017,Tr,NO,SI,13,15,18,26,43,03
1706,23/08/2017,Re,NO,SI,16,22,24,41,43,09
1707,26/08/2017,Tr,NO,SI,01,06,12,18,36,09
1707,26/08/2017,Re,NO,SI,10,12,15,41,43,06
1708,30/08/2017,Tr,NO,SI,04,24,28,36,39,05
1708,30/08/2017,Re,NO,SI,13,17,30,34,43,14
1709,02/09/2017,Tr,NO,SI,01,04,13,23,33,09
1709,02/09/2017,Re,NO,SI,19,31,32,34,41,12
1710,06/09/2017,Tr,SI,SI,08,16,19,35,41,13
1710,06/09/2017,Re,NO,SI,01,02,07,28,38,12
1711,09/09/2017,Tr,NO,SI,01,02,20,31,43,08
1711,09/09/2017,Re,NO,SI,05,20,34,35,43,05
1712,13/09/2017,Tr,NO,SI,07,11,23,41,43,11
1712,13/09/2017,Re,NO,SI,27,39,40,41,42,16
1713,16/09/2017,Tr,NO,SI,10,17,24,37,42,06
1713,16/09/2017,Re,NO,SI,02,15,16,22,28,11
1714,20/09/2017,Tr,NO,SI,10,16,19,23,34,11
1714,20/09/2017,Re,NO,SI,04,11,18,36,41,01
1715,23/09/2017,Tr,NO,SI,04,15,22,23,38,11
1715,23/09/2017,Re,NO,SI,23,24,30,34,41,01
1716,27/09/2017,Tr,NO,SI,01,10,28,35,41,04
1716,27/09/2017,Re,NO,SI,05,18,19,26,31,09
1717,30/09/2017,Tr,NO,SI,03,10,13,21,38,10
1717,30/09/2017,Re,NO,SI,17,23,24,36,38,01
1718,04/10/2017,Tr,NO,SI,24,31,32,33,34,06
1718,04/10/2017,Re,NO,SI,02,04,21,27,42,03
1719,07/10/2017,Tr,NO,SI,19,22,29,38,39,02
1719,07/10/2017,Re,NO,SI,13,16,24,35,36,12
1720,11/10/2017,Tr,NO,SI,02,10,21,23,35,09
1720,11/10/2017,Re,NO,SI,06,09,10,13,22,08
1721,14/10/2017,Tr,NO,SI,18,27,38,40,41,16
1721,14/10/2017,Re,NO,SI,02,21,31,34,42,01
1722,18/10/2017,Tr,NO,SI,17,26,27,28,40,07
1722,18/10/2017,Re,NO,SI,02,12,16,24,40,07
1723,21/10/2017,Tr,NO,SI,02,04,09,15,24,11
1723,21/10/2017,Re,NO,SI,11,12,19,32,33,03
1724,25/10/2017,Tr,NO,SI,11,21,31,32,39,01
1724,25/10/2017,Re,NO,SI,04,12,28,33,43,13
1725,28/10/2017,Tr,NO,SI,13,20,28,35,40,03
1725,28/10/2017,Re,NO,SI,05,22,24,33,43,12
1726,01/11/2017,Tr,NO,SI,22,24,28,34,42,08
1726,01/11/2017,Re,NO,SI,08,20,22,37,43,03
1727,04/11/2017,Tr,NO,SI,15,20,25,29,43,10
1727,04/11/2017,Re,NO,SI,10,19,20,21,24,10
1728,08/11/2017,Tr,NO,SI,02,04,10,17,37,06
1728,08/11/2017,Re,NO,SI,07,08,10,42,43,02
1729,11/11/2017,Tr,NO,SI,01,18,22,30,39,01
1729,11/11/2017,Re,NO,SI,09,13,14,17,34,08
1730,15/11/2017,Tr,NO,SI,11,18,23,32,40,02
1730,15/11/2017,Re,NO,SI,07,16,24,35,43,10
1731,18/11/2017,Tr,NO,SI,08,12,22,29,39,11
1731,18/11/2017,Re,NO,SI,03,06,07,28,40,07
1732,22/11/2017,Tr,NO,SI,09,12,18,37,41,13
1732,22/11/2017,Re,NO,SI,10,11,30,36,43,11
1733,25/11/2017,Tr,NO,SI,15,21,25,26,31,04
1733,25/11/2017,Re,NO,SI,01,10,14,34,42,15
1734,29/11/2017,Tr,NO,SI,02,05,07,09,28,13
1734,29/11/2017,Re,NO,SI,02,08,11,29,32,10
1735,02/12/2017,Tr,NO,SI,02,14,21,27,28,01
1735,02/12/2017,Re,NO,SI,02,14,27,37,41,03
1736,06/12/2017,Tr,NO,SI,03,23,28,29,32,02
1736,06/12/2017,Re,NO,SI,02,03,08,26,40,12
1737,09/12/2017,Tr,NO,SI,11,15,23,24,25,07
1737,09/12/2017,Re,NO,SI,04,29,36,38,39,02
1738,13/12/2017,Tr,NO,SI,11,23,33,36,42,04
1738,13/12/2017,Re,NO,SI,10,19,20,22,31,03
1739,16/12/2017,Tr,NO,SI,17,23,25,29,31,06
1739,16/12/2017,Re,NO,SI,01,04,05,23,26,12
1740,20/12/2017,Tr,NO,SI,08,14,20,22,42,07
1740,20/12/2017,Re,NO,SI,20,28,30,31,41,09
1741,23/12/2017,Tr,NO,SI,06,08,13,29,31,13
1741,23/12/2017,Re,NO,SI,02,06,10,15,24,04
1742,27/12/2017,Tr,NO,SI,02,13,14,26,42,08
1742,27/12/2017,Re,NO,SI,07,21,32,33,34,09
1743,30/12/2017,Tr,NO,SI,14,30,35,37,40,14
1743,30/12/2017,Re,NO,SI,06,18,22,29,40,15
1744,03/01/2018,Tr,NO,SI,01,02,33,34,41,10
1744,03/01/2018,Re,NO,SI,19,26,27,30,32,15
1745,06/01/2018,Tr,NO,SI,01,02,04,05,13,10
1745,06/01/2018,Re,NO,SI,03,07,10,18,40,09
1746,10/01/2018,Tr,NO,SI,01,05,09,29,42,08
1746,10/01/2018,Re,NO,SI,11,13,17,25,38,06
1747,13/01/2018,Tr,NO,SI,07,10,24,31,43,05
1747,13/01/2018,Re,NO,SI,06,09,29,32,33,03
1748,17/01/2018,Tr,NO,SI,06,17,23,27,32,07
1748,17/01/2018,Re,NO,SI,02,06,08,24,37,03
1749,20/01/2018,Tr,NO,SI,02,06,16,23,43,01
1749,20/01/2018,Re,NO,SI,10,24,36,38,42,04
1750,24/01/2018,Tr,NO,SI,06,11,12,17,40,14
1750,24/01/2018,Re,NO,SI,01,11,21,37,38,06
1751,27/01/2018,Tr,NO,SI,12,13,15,18,31,01
1751,27/01/2018,Re,NO,SI,02,06,14,15,39,04
1752,31/01/2018,Tr,NO,SI,12,19,27,28,41,04
1752,31/01/2018,Re,SI,SI,25,29,32,35,41,13
1753,03/02/2018,Tr,NO,SI,01,04,14,21,42,16
1753,03/02/2018,Re,NO,SI,12,16,22,31,32,15
1754,07/02/2018,Tr,NO,SI,04,23,27,29,34,12
1754,07/02/2018,Re,NO,SI,03,05,17,30,37,08
1755,10/02/2018,Tr,NO,SI,05,06,14,16,35,09
1755,10/02/2018,Re,NO,SI,02,19,27,37,40,04
1756,14/02/2018,Tr,NO,SI,09,12,18,32,38,07
1756,14/02/2018,Re,NO,SI,05,24,29,41,43,06
1757,17/02/2018,Tr,NO,SI,10,23,25,26,33,01
1757,17/02/2018,Re,NO,SI,16,23,28,30,40,12
1758,21/02/2018,Tr,NO,SI,18,34,37,39,41,02
1758,21/02/2018,Re,NO,SI,03,14,26,31,40,06
1759,24/02/2018,Tr,NO,SI,05,06,09,39,42,16
1759,24/02/2018,Re,NO,SI,01,12,20,25,35,04
1760,28/02/2018,Tr,NO,SI,07,16,18,37,40,08
1760,28/02/2018,Re,NO,SI,10,18,21,22,33,13
1761,03/03/2018,Tr,NO,SI,15,28,31,32,35,12
1761,03/03/2018,Re,NO,SI,02,11,19,21,23,08
1762,07/03/2018,Tr,NO,SI,08,23,24,32,36,13
1762,07/03/2018,Re,NO,SI,20,23,26,34,37,12
1763,10/03/2018,Tr,NO,SI,04,17,27,28,42,04
1763,10/03/2018,Re,NO,SI,04,07,17,18,20,09
1764,14/03/2018,Tr,NO,SI,06,20,25,27,43,04
1764,14/03/2018,Re,NO,SI,13,20,26,36,40,14
1765,17/03/2018,Tr,NO,SI,07,17,18,30,33,03
1765,17/03/2018,Re,NO,SI,06,08,12,17,31,02
1766,21/03/2018,Tr,NO,SI,10,14,18,20,33,06
1766,21/03/2018,Re,NO,SI,01,03,06,18,20,16
1767,24/03/2018,Tr,NO,SI,17,26,28,29,42,11
1767,24/03/2018,Re,NO,SI,08,17,20,21,32,07
1768,28/03/2018,Tr,NO,SI,03,11,18,24,37,11
1768,28/03/2018,Re,NO,SI,01,04,36,37,43,14
1769,31/03/2018,Tr,NO,SI,09,15,19,27,30,02
1769,31/03/2018,Re,NO,SI,10,12,17,20,32,14
1770,04/04/2018,Tr,NO,SI,04,07,10,36,41,04
1770,04/04/2018,Re,NO,SI,04,22,29,32,40,03
1771,07/04/2018,Tr,NO,SI,13,15,24,33,40,09
1771,07/04/2018,Re,NO,SI,10,14,30,37,42,01
1772,11/04/2018,Tr,NO,SI,07,20,36,42,43,07
1772,11/04/2018,Re,NO,SI,10,11,15,23,38,12
1773,14/04/2018,Tr,NO,SI,01,12,28,30,33,03
1773,14/04/2018,Re,NO,SI,19,25,29,36,43,06
1774,18/04/2018,Tr,NO,SI,03,23,31,35,40,15
1774,18/04/2018,Re,NO,SI,14,16,32,34,39,07
1775,21/04/2018,Tr,NO,SI,10,12,16,17,27,06
1775,21/04/2018,Re,NO,SI,24,31,32,34,42,12
1776,25/04/2018,Tr,NO,SI,14,27,34,37,43,13
1776,25/04/2018,Re,NO,SI,22,27,28,30,34,16
1777,28/04/2018,Tr,NO,SI,10,18,19,36,43,13
1777,28/04/2018,Re,NO,SI,01,02,05,14,30,01
1778,02/05/2018,Tr,NO,SI,07,37,38,39,41,03
1778,02/05/2018,Re,NO,SI,18,32,35,42,43,03
1779,05/05/2018,Tr,SI,SI,05,06,14,26,31,11
1779,05/05/2018,Re,NO,SI,05,10,16,35,39,08
1780,09/05/2018,Tr,NO,SI,11,12,39,40,43,01
1780,09/05/2018,Re,NO,SI,04,20,27,32,40,16
1781,12/05/2018,Tr,NO,SI,06,10,23,31,34,03
1781,12/05/2018,Re,NO,SI,11,16,18,34,36,07
1782,16/05/2018,Tr,NO,SI,13,16,28,34,37,01
1782,16/05/2018,Re,NO,SI,03,04,08,19,24,11
1783,19/05/2018,Tr,NO,SI,12,13,23,35,39,16
1783,19/05/2018,Re,NO,SI,08,21,33,34,42,15
1784,23/05/2018,Tr,NO,SI,08,11,17,23,39,07
1784,23/05/2018,Re,NO,SI,02,23,25,33,36,04
1785,26/05/2018,Tr,NO,SI,09,12,16,18,34,11
1785,26/05/2018,Re,NO,SI,04,08,17,23,38,02
1786,30/05/2018,Tr,NO,SI,06,15,19,27,42,16
1786,30/05/2018,Re,NO,SI,07,08,27,38,39,02
1787,02/06/2018,Tr,NO,SI,03,16,19,20,23,08
1787,02/06/2018,Re,NO,SI,04,08,12,19,30,01
1788,06/06/2018,Tr,NO,SI,01,07,12,26,43,14
1788,06/06/2018,Re,NO,SI,02,23,27,28,34,09
1789,09/06/2018,Tr,NO,SI,01,04,18,21,42,02
1789,09/06/2018,Re,NO,SI,13,28,31,35,43,02
1790,13/06/2018,Tr,NO,SI,02,08,20,25,27,04
1790,13/06/2018,Re,NO,SI,02,03,12,19,35,12
1791,16/06/2018,Tr,NO,SI,03,20,22,24,36,06
1791,16/06/2018,Re,NO,SI,01,11,14,15,40,07
1792,20/06/2018,Tr,NO,SI,07,08,18,25,43,06
1792,20/06/2018,Re,NO,SI,07,11,14,30,42,12
1793,23/06/2018,Tr,NO,SI,11,12,25,33,39,07
1793,23/06/2018,Re,NO,SI,04,19,30,34,43,08
1794,27/06/2018,Tr,NO,SI,16,20,29,33,40,03
1794,27/06/2018,Re,NO,SI,21,24,31,39,42,14
1795,30/06/2018,Tr,NO,SI,03,16,18,30,34,16
1795,30/06/2018,Re,NO,SI,04,32,35,36,37,16
1796,04/07/2018,Tr,NO,SI,05,07,20,34,37,04
1796,04/07/2018,Re,NO,SI,01,13,20,22,32,14
1797,07/07/2018,Tr,NO,SI,08,11,22,35,41,10
1797,07/07/2018,Re,NO,SI,04,15,30,38,42,01
1798,11/07/2018,Tr,NO,SI,06,17,31,32,41,13
1798,11/07/2018,Re,NO,SI,03,07,10,13,21,15
1799,14/07/2018,Tr,NO,SI,04,13,14,16,33,05
1799,14/07/2018,Re,NO,SI,01,05,13,22,23,12
1800,18/07/2018,Tr,NO,SI,21,32,33,34,37,11
1800,18/07/2018,Re,NO,SI,16,23,25,26,36,16
1801,21/07/2018,Tr,NO,SI,12,25,32,33,41,10
1801,21/07/2018,Re,NO,SI,05,15,21,22,39,11
1802,25/07/2018,Tr,NO,SI,02,13,25,36,43,15
1802,25/07/2018,Re,NO,SI,13,15,24,29,30,11
1803,28/07/2018,Tr,NO,SI,02,11,26,33,40,15
1803,28/07/2018,Re,NO,SI,02,08,19,23,37,01
1804,01/08/2018,Tr,NO,SI,02,05,09,11,42,09
1804,01/08/2018,Re,NO,SI,07,08,17,32,37,04
1805,04/08/2018,Tr,NO,SI,06,16,20,24,30,11
1805,04/08/2018,Re,NO,SI,03,18,23,28,43,15
1806,08/08/2018,Tr,NO,SI,05,33,34,41,43,07
1806,08/08/2018,Re,NO,SI,03,09,29,31,41,05
1807,11/08/2018,Tr,NO,SI,02,03,22,28,37,08
1807,11/08/2018,Re,NO,SI,24,33,35,36,41,05
1808,15/08/2018,Tr,NO,SI,01,12,20,39,41,13
1808,15/08/2018,Re,NO,SI,06,19,30,34,35,09
1809,18/08/2018,Tr,NO,SI,06,12,16,21,33,05
1809,18/08/2018,Re,NO,SI,07,25,31,33,41,08
1810,22/08/2018,Tr,NO,SI,10,12,34,35,36,09
1810,22/08/2018,Re,NO,SI,11,12,17,27,41,13
1811,25/08/2018,Tr,NO,SI,03,22,26,29,36,07
1811,25/08/2018,Re,NO,SI,04,16,18,22,27,13
1812,29/08/2018,Tr,NO,SI,17,27,37,38,40,03
1812,29/08/2018,Re,NO,SI,03,06,09,24,30,02
1813,01/09/2018,Tr,NO,SI,03,08,10,15,39,09
1813,01/09/2018,Re,NO,SI,05,16,25,39,41,09
1814,05/09/2018,Tr,NO,SI,04,22,26,29,36,13
1814,05/09/2018,Re,NO,SI,12,14,16,25,28,15
1815,08/09/2018,Tr,SI,SI,08,09,19,23,38,14
1815,08/09/2018,Re,NO,SI,04,08,18,20,24,12
1816,12/09/2018,Tr,NO,SI,03,18,34,42,43,04
1816,12/09/2018,Re,NO,SI,02,05,17,20,23,03
1817,15/09/2018,Tr,NO,SI,02,05,09,34,42,13
1817,15/09/2018,Re,NO,SI,06,27,28,36,40,04
1818,19/09/2018,Tr,NO,SI,08,24,26,33,35,06
1818,19/09/2018,Re,NO,SI,09,22,25,30,40,06
1819,22/09/2018,Tr,NO,SI,20,23,35,36,41,14
1819,22/09/2018,Re,NO,SI,02,08,20,22,28,06
1820,26/09/2018,Tr,NO,SI,02,04,06,07,13,02
1820,26/09/2018,Re,NO,SI,05,06,15,27,30,06
1821,29/09/2018,Tr,NO,SI,10,14,20,21,41,11
1821,29/09/2018,Re,NO,SI,09,18,25,38,39,10
1822,03/10/2018,Tr,NO,SI,05,18,19,25,41,11
1822,03/10/2018,Re,NO,SI,23,26,28,37,43,13
1823,06/10/2018,Tr,NO,SI,08,16,25,36,37,12
1823,06/10/2018,Re,NO,SI,14,20,28,36,37,12
1824,10/10/2018,Tr,NO,SI,19,26,33,34,42,08
1824,10/10/2018,Re,NO,SI,06,07,16,38,39,12
1825,13/10/2018,Tr,NO,SI,11,21,27,41,43,12
1825,13/10/2018,Re,NO,SI,07,23,33,35,36,08
1826,17/10/2018,Tr,NO,SI,05,13,14,35,42,11
1826,17/10/2018,Re,NO,SI,16,17,23,34,36,08
1827,20/10/2018,Tr,NO,SI,19,20,34,38,39,03
1827,20/10/2018,Re,NO,SI,03,17,21,28,31,16
1828,24/10/2018,Tr,NO,SI,01,07,11,16,23,03
1828,24/10/2018,Re,NO,SI,06,14,15,28,30,15
1829,27/10/2018,Tr,NO,SI,06,20,33,36,41,09
1829,27/10/2018,Re,NO,SI,08,12,15,27,35,16
1830,31/10/2018,Tr,NO,SI,08,17,21,25,40,16
1830,31/10/2018,Re,NO,SI,05,26,31,39,40,16
1831,03/11/2018,Tr,NO,SI,09,14,28,33,43,01
1831,03/11/2018,Re,NO,SI,03,10,28,29,33,05
1832,07/11/2018,Tr,NO,SI,08,20,32,36,40,08
1832,07/11/2018,Re,NO,SI,11,14,16,19,33,11
1833,10/11/2018,Tr,NO,SI,05,23,24,29,43,02
1833,10/11/2018,Re,NO,SI,08,10,30,35,40,01
1834,14/11/2018,Tr,NO,SI,11,20,21,23,32,12
1834,14/11/2018,Re,NO,SI,01,06,17,26,35,06
1835,17/11/2018,Tr,NO,SI,10,12,13,32,38,02
1835,17/11/2018,Re,NO,SI,11,13,14,23,42,14
1836,21/11/2018,Tr,NO,SI,01,15,19,21,42,08
1836,21/11/2018,Re,NO,SI,04,06,18,32,42,01
1837,24/11/2018,Tr,NO,SI,05,13,22,34,43,02
1837,24/11/2018,Re,NO,SI,09,10,15,22,24,11
1838,28/11/2018,Tr,NO,SI,02,04,16,30,40,03
1838,28/11/2018,Re,NO,SI,02,04,32,33,41,09
1839,01/12/2018,Tr,NO,SI,03,06,23,25,38,01
1839,01/12/2018,Re,NO,SI,12,19,20,33,39,12
1840,05/12/2018,Tr,NO,SI,01,14,15,18,25,13
1840,05/12/2018,Re,NO,SI,02,30,32,35,36,12
1841,08/12/2018,Tr,NO,SI,14,20,24,25,39,07
1841,08/12/2018,Re,NO,SI,01,15,24,29,33,13
1842,12/12/2018,Tr,NO,SI,04,17,36,37,43,11
1842,12/12/2018,Re,NO,SI,07,22,25,32,33,10
1843,15/12/2018,Tr,NO,SI,04,13,25,31,33,05
1843,15/12/2018,Re,NO,SI,01,08,10,12,40,16
1844,19/12/2018,Tr,NO,SI,15,27,28,41,42,04
1844,19/12/2018,Re,NO,SI,02,32,34,41,43,10
1845,22/12/2018,Tr,NO,SI,03,07,11,39,41,02
1845,22/12/2018,Re,NO,SI,01,40,41,42,43,08
1846,26/12/2018,Tr,NO,SI,09,13,31,33,41,03
1846,26/12/2018,Re,NO,SI,03,23,30,32,40,10
1847,29/12/2018,Tr,NO,SI,10,14,29,30,42,02
1847,29/12/2018,Re,NO,SI,02,06,22,28,34,09
1848,02/01/2019,Tr,NO,SI,09,14,25,26,37,07
1848,02/01/2019,Re,NO,SI,01,09,17,33,42,10
1849,05/01/2019,Tr,NO,SI,10,14,19,39,41,01
1849,05/01/2019,Re,NO,SI,10,13,21,34,43,11
1850,09/01/2019,Re,NO,SI,01,04,08,14,41,03
1850,09/01/2019,Tr,NO,SI,05,20,27,30,38,16
1851,12/01/2019,Tr,NO,SI,02,19,22,28,32,11
1851,12/01/2019,Re,NO,SI,21,31,33,35,41,09
1852,16/01/2019,Tr,NO,SI,06,13,15,26,31,03
1852,16/01/2019,Re,NO,SI,12,17,27,29,32,08
1853,19/01/2019,Tr,NO,SI,08,15,28,38,42,07
1853,19/01/2019,Re,NO,SI,08,18,19,32,42,15
1854,23/01/2019,Tr,NO,SI,07,09,16,24,31,03
1854,23/01/2019,Re,NO,SI,08,12,29,30,31,01
1855,26/01/2019,Tr,NO,SI,03,07,11,19,25,03
1855,26/01/2019,Re,NO,SI,05,20,26,34,37,07
1856,30/01/2019,Tr,NO,SI,16,18,19,21,38,07
1856,30/01/2019,Re,NO,SI,09,10,13,14,37,10
1857,02/02/2019,Tr,NO,SI,16,17,21,22,43,03
1857,02/02/2019,Re,NO,SI,20,22,23,26,28,10
1858,06/02/2019,Tr,NO,SI,01,10,23,38,43,07
1858,06/02/2019,Re,NO,SI,16,17,31,36,38,04
1859,09/02/2019,Tr,NO,SI,03,05,30,37,39,12
1859,09/02/2019,Re,NO,SI,11,13,18,21,37,01
1860,13/02/2019,Tr,NO,SI,01,05,06,08,27,14
1860,13/02/2019,Re,NO,SI,05,17,27,29,30,03
1861,16/02/2019,Tr,NO,SI,19,25,28,31,40,11
1861,16/02/2019,Re,NO,SI,06,13,14,30,34,05
1862,20/02/2019,Tr,NO,SI,03,10,32,40,42,15
1862,20/02/2019,Re,NO,SI,02,19,25,26,28,12
1863,23/02/2019,Tr,NO,SI,03,07,14,19,22,04
1863,23/02/2019,Re,NO,SI,03,05,07,13,16,13
1864,27/02/2019,Tr,NO,SI,06,10,12,18,39,07
1864,27/02/2019,Re,NO,SI,03,20,24,27,28,09
1865,02/03/2019,Tr,NO,SI,06,22,25,28,40,05
1865,02/03/2019,Re,NO,SI,10,14,29,35,37,01
1866,06/03/2019,Tr,NO,SI,02,04,12,18,35,07
1866,06/03/2019,Re,NO,SI,07,11,17,18,43,05
1867,09/03/2019,Tr,NO,SI,24,29,34,35,40,13
1867,09/03/2019,Re,NO,SI,01,08,12,14,30,07
1868,13/03/2019,Tr,NO,SI,06,08,13,14,37,06
1868,13/03/2019,Re,NO,SI,01,08,10,15,40,02
1869,16/03/2019,Tr,NO,SI,05,16,26,32,36,03
1869,16/03/2019,Re,NO,SI,01,14,31,34,42,14
1870,20/03/2019,Tr,NO,SI,06,22,33,36,41,13
1870,20/03/2019,Re,NO,SI,17,26,30,37,40,13
1871,23/03/2019,Tr,NO,SI,18,20,21,35,43,05
1871,23/03/2019,Re,NO,SI,06,24,27,32,39,02
1872,27/03/2019,Tr,NO,SI,03,15,20,23,25,11
1872,27/03/2019,Re,NO,SI,03,09,15,29,41,02
1873,30/03/2019,Tr,NO,SI,06,17,24,39,43,16
1873,30/03/2019,Re,NO,SI,02,09,18,31,42,13
1874,03/04/2019,Tr,NO,SI,03,04,22,40,41,14
1874,03/04/2019,Re,NO,SI,03,20,22,33,35,09
1875,06/04/2019,Tr,NO,SI,20,29,32,34,37,06
1875,06/04/2019,Re,NO,SI,07,13,28,34,40,15
1876,10/04/2019,Tr,NO,SI,15,18,24,34,39,04
1876,10/04/2019,Re,NO,SI,05,07,08,14,28,09
1877,13/04/2019,Tr,NO,SI,06,07,08,27,34,14
1877,13/04/2019,Re,NO,SI,04,18,22,34,41,10
1878,17/04/2019,Tr,NO,SI,03,04,31,34,43,14
1878,17/04/2019,Re,NO,SI,02,09,15,30,32,08
1879,20/04/2019,Tr,NO,SI,10,17,24,29,43,14
1879,20/04/2019,Re,NO,SI,01,12,13,19,27,04
1880,24/04/2019,Tr,NO,SI,04,08,32,34,40,04
1880,24/04/2019,Re,NO,SI,12,13,14,31,35,09
1881,27/04/2019,Tr,NO,SI,01,13,32,37,43,10
1881,27/04/2019,Re,NO,SI,02,15,30,37,38,13
1882,01/05/2019,Tr,NO,SI,01,04,08,19,27,05
1882,01/05/2019,Re,NO,SI,09,15,24,31,36,03
1883,04/05/2019,Tr,NO,SI,04,11,12,16,26,02
1883,04/05/2019,Re,NO,SI,09,11,31,35,36,10
1884,08/05/2019,Tr,NO,SI,01,04,21,30,43,15
1884,08/05/2019,Re,NO,SI,11,15,23,26,39,03
1885,11/05/2019,Tr,NO,SI,03,11,27,39,41,04
1885,11/05/2019,Re,NO,SI,13,19,28,39,42,15
1886,15/05/2019,Tr,NO,SI,03,17,25,39,42,04
1886,15/05/2019,Re,NO,SI,14,22,23,31,38,09
1887,18/05/2019,Tr,NO,SI,03,04,20,25,37,12
1887,18/05/2019,Re,NO,SI,13,26,33,35,40,13
1888,22/05/2019,Tr,NO,SI,09,16,20,28,37,05
1888,22/05/2019,Re,NO,SI,03,18,24,34,36,04
1889,25/05/2019,Tr,NO,SI,02,10,14,34,40,14
1889,25/05/2019,Re,NO,SI,04,06,20,27,35,13
1890,29/05/2019,Tr,NO,SI,01,02,22,29,42,16
1890,29/05/2019,Re,NO,SI,06,20,22,30,34,05
1891,01/06/2019,Tr,NO,SI,01,03,17,23,32,16
1891,01/06/2019,Re,NO,SI,07,17,18,24,28,04
1892,05/06/2019,Tr,NO,SI,01,04,08,22,37,13
1892,05/06/2019,Re,NO,SI,13,16,17,22,25,01
1893,08/06/2019,Tr,NO,SI,10,25,29,35,37,05
1893,08/06/2019,Re,NO,SI,03,29,30,36,37,03
1894,12/06/2019,Tr,NO,SI,03,08,25,28,40,02
1894,12/06/2019,Re,NO,SI,01,05,08,20,29,13
1895,15/06/2019,Tr,NO,SI,10,14,27,35,41,12
1895,15/06/2019,Re,NO,SI,02,03,12,29,31,03
1896,19/06/2019,Tr,NO,SI,04,10,20,32,33,15
1896,19/06/2019,Re,NO,SI,09,10,26,30,36,10
1897,22/06/2019,Tr,NO,SI,15,16,24,26,32,10
1897,22/06/2019,Re,NO,SI,02,05,12,38,40,07
1898,26/06/2019,Tr,NO,SI,06,12,15,26,35,07
1898,26/06/2019,Re,NO,SI,18,31,33,34,42,08
1899,29/06/2019,Tr,NO,SI,02,12,16,26,30,02
1899,29/06/2019,Re,NO,SI,08,26,31,38,39,11
1900,03/07/2019,Tr,NO,SI,01,02,03,10,31,01
1900,03/07/2019,Re,NO,SI,03,04,22,38,43,12
1901,06/07/2019,Tr,NO,SI,01,08,21,34,35,10
1901,06/07/2019,Re,NO,SI,15,20,25,35,43,09
1902,10/07/2019,Tr,NO,SI,09,12,31,33,43,11
1902,10/07/2019,Re,NO,SI,02,04,19,27,34,03
1903,13/07/2019,Tr,NO,SI,02,18,29,37,39,13
1903,13/07/2019,Re,NO,SI,03,20,28,37,39,04
1904,17/07/2019,Tr,NO,SI,06,12,14,15,38,10
1904,17/07/2019,Re,NO,SI,07,09,11,13,38,15
1905,20/07/2019,Tr,NO,SI,10,11,15,31,38,05
1905,20/07/2019,Re,NO,SI,05,19,20,22,34,11
1906,24/07/2019,Tr,NO,SI,03,12,24,25,26,12
1906,24/07/2019,Re,NO,SI,06,10,14,21,26,15
1907,27/07/2019,Tr,NO,SI,09,13,18,19,33,09
1907,27/07/2019,Re,NO,SI,05,16,18,25,30,01
1908,31/07/2019,Tr,NO,SI,10,20,25,28,30,03
1908,31/07/2019,Re,NO,SI,02,03,10,24,28,11
1909,03/08/2019,Tr,NO,SI,02,11,33,36,38,11
1909,03/08/2019,Re,NO,SI,04,11,24,26,27,05
1910,07/08/2019,Tr,NO,SI,06,27,32,40,42,01
1910,07/08/2019,Re,NO,SI,04,25,31,38,43,12
1911,10/08/2019,Tr,NO,SI,06,29,34,41,42,16
1911,10/08/2019,Re,NO,SI,15,29,32,40,43,16
1912,14/08/2019,Tr,NO,SI,07,22,25,36,37,03
1912,14/08/2019,Re,NO,SI,07,15,22,23,42,02
1913,17/08/2019,Tr,NO,SI,10,12,25,27,41,03
1913,17/08/2019,Re,NO,SI,07,15,27,32,40,05
1914,21/08/2019,Tr,NO,SI,06,08,13,28,29,08
1914,21/08/2019,Re,NO,SI,08,14,28,36,43,13
1915,24/08/2019,Tr,NO,SI,04,08,12,17,35,12
1915,24/08/2019,Re,NO,SI,17,24,25,40,42,04
1916,28/08/2019,Tr,NO,SI,11,18,29,35,37,06
1916,28/08/2019,Re,NO,SI,03,15,26,31,34,03
1917,31/08/2019,Tr,NO,SI,17,18,33,41,42,08
1917,31/08/2019,Re,NO,SI,08,15,21,27,32,03
1918,04/09/2019,Tr,NO,SI,02,11,18,23,43,14
1918,04/09/2019,Re,NO,SI,02,07,16,26,41,02
1919,07/09/2019,Tr,NO,SI,11,14,20,30,34,07
1919,07/09/2019,Re,NO,SI,04,07,11,39,43,06
1920,11/09/2019,Tr,NO,SI,06,19,23,25,41,07
1920,11/09/2019,Re,NO,SI,10,18,23,29,41,07
1921,14/09/2019,Tr,NO,SI,01,19,31,37,39,11
1921,14/09/2019,Re,NO,SI,01,02,05,21,35,12
1922,18/09/2019,Tr,NO,SI,18,23,28,33,35,12
1922,18/09/2019,Re,NO,SI,14,20,23,33,38,10
1923,21/09/2019,Tr,NO,SI,21,23,26,37,43,11
1923,21/09/2019,Re,NO,SI,02,25,26,28,35,01
1924,25/09/2019,Tr,NO,SI,04,11,14,16,36,15
1924,25/09/2019,Re,NO,SI,09,10,14,41,42,11
1925,28/09/2019,Tr,NO,SI,01,09,27,29,35,13
1925,28/09/2019,Re,NO,SI,01,07,19,22,34,03
1926,02/10/2019,Tr,NO,SI,03,10,20,30,39,11
1926,02/10/2019,Re,NO,SI,04,08,14,29,41,10
1927,05/10/2019,Tr,NO,SI,19,23,26,30,36,11
1927,05/10/2019,Re,NO,SI,03,04,07,13,24,14
1928,09/10/2019,Tr,NO,SI,04,09,10,35,40,11
1928,09/10/2019,Re,NO,SI,02,07,26,32,33,12
1929,12/10/2019,Tr,NO,SI,02,08,09,12,39,13
1929,12/10/2019,Re,NO,SI,07,09,10,22,39,08
1930,16/10/2019,Tr,NO,SI,05,13,14,26,31,15
1930,16/10/2019,Re,NO,SI,03,20,24,37,38,11
1931,19/10/2019,Tr,NO,SI,04,08,19,20,35,09
1931,19/10/2019,Re,NO,SI,04,09,10,17,25,06
1932,23/10/2019,Tr,NO,SI,12,19,20,29,43,01
1932,23/10/2019,Re,NO,SI,01,12,23,29,38,09
1933,26/10/2019,Tr,NO,SI,02,11,24,28,39,03
1933,26/10/2019,Re,NO,SI,01,19,31,36,41,15
1934,30/10/2019,Tr,NO,SI,03,10,16,25,41,08
1934,30/10/2019,Re,NO,SI,07,18,21,23,28,13
1935,02/11/2019,Tr,NO,SI,02,03,04,12,16,10
1935,02/11/2019,Re,NO,SI,11,19,20,27,28,04
1936,06/11/2019,Tr,NO,SI,07,16,19,20,37,02
1936,06/11/2019,Re,NO,SI,11,18,30,40,42,10
1937,09/11/2019,Tr,NO,SI,02,10,16,23,25,11
1937,09/11/2019,Re,NO,SI,04,08,10,26,32,03
1938,13/11/2019,Tr,SI,SI,08,11,13,18,27,12
1938,13/11/2019,Re,NO,SI,08,14,20,23,28,07
1939,16/11/2019,Tr,NO,SI,03,07,23,30,35,05
1939,16/11/2019,Re,NO,SI,06,21,23,31,32,15
1940,20/11/2019,Tr,NO,SI,02,14,16,17,31,02
1940,20/11/2019,Re,NO,SI,01,10,15,20,28,15
1941,23/11/2019,Tr,NO,SI,17,18,20,27,29,11
1941,23/11/2019,Re,NO,SI,02,05,13,27,41,07
1942,27/11/2019,Tr,NO,SI,11,19,29,36,40,07
1942,27/11/2019,Re,NO,SI,08,18,22,23,28,11
1943,30/11/2019,Tr,NO,SI,02,03,18,21,36,13
1943,30/11/2019,Re,NO,SI,08,22,24,25,40,12
1944,04/12/2019,Tr,NO,SI,10,15,16,29,39,16
1944,04/12/2019,Re,NO,SI,02,04,18,28,33,11
1945,07/12/2019,Tr,NO,SI,12,15,16,38,39,10
1945,07/12/2019,Re,NO,SI,02,10,36,37,40,15
1946,11/12/2019,Tr,NO,SI,04,13,24,39,41,01
1946,11/12/2019,Re,NO,SI,08,15,26,32,37,03
1947,14/12/2019,Tr,NO,SI,11,21,33,39,43,08
1947,14/12/2019,Re,NO,SI,01,08,09,22,23,07
1948,18/12/2019,Tr,NO,SI,08,19,22,25,38,02
1948,18/12/2019,Re,NO,SI,06,07,15,38,40,16
1949,21/12/2019,Tr,NO,SI,08,14,17,23,37,13
1949,21/12/2019,Re,NO,SI,13,21,22,24,32,16
1950,25/12/2019,Tr,NO,SI,21,30,35,36,41,02
1950,25/12/2019,Re,NO,SI,09,19,20,35,39,12
1951,28/12/2019,Tr,NO,SI,02,09,17,27,42,11
1951,28/12/2019,Re,NO,SI,01,09,20,33,41,09
1952,01/01/2020,Re,NO,SI,08,18,19,22,38,11
1952,01/01/2020,Tr,NO,SI,24,26,35,36,41,09
1953,04/01/2020,Re,NO,SI,04,08,16,31,37,07
1953,04/01/2020,Tr,NO,SI,04,09,15,24,29,07
1954,08/01/2020,Re,NO,SI,04,15,17,19,25,01
1954,08/01/2020,Tr,NO,SI,10,11,15,28,35,11
1955,11/01/2020,Re,NO,SI,10,20,23,28,39,08
1955,11/01/2020,Tr,NO,SI,01,04,29,32,33,02
1956,15/01/2020,Re,NO,SI,04,13,18,29,37,13
1956,15/01/2020,Tr,NO,SI,16,28,37,42,43,09
1957,18/01/2020,Re,NO,SI,08,17,18,37,42,11
1957,18/01/2020,Tr,NO,SI,02,08,09,25,33,12
1958,22/01/2020,Re,NO,SI,04,26,32,36,42,04
1958,22/01/2020,Tr,NO,SI,01,07,10,25,27,02
1959,25/01/2020,Re,NO,SI,09,16,26,29,31,16
1959,25/01/2020,Tr,NO,SI,12,22,30,31,34,07
1960,29/01/2020,Re,NO,SI,06,19,31,33,39,05
1960,29/01/2020,Tr,NO,SI,17,21,32,36,37,03
1961,01/02/2020,Re,NO,SI,02,10,13,16,26,11
1961,01/02/2020,Tr,NO,SI,01,18,19,34,40,02
1962,05/02/2020,Re,NO,SI,04,08,22,25,28,14
1962,05/02/2020,Tr,NO,SI,06,14,25,29,42,13
1963,08/02/2020,Re,NO,SI,03,06,07,21,34,05
1963,08/02/2020,Tr,NO,SI,04,12,15,33,42,03
1964,12/02/2020,Re,NO,SI,06,11,28,34,39,11
1964,12/02/2020,Tr,NO,SI,10,15,20,32,41,14
1965,15/02/2020,Re,NO,SI,03,27,35,39,42,15
1965,15/02/2020,Tr,NO,SI,05,08,10,13,20,08
1966,19/02/2020,Re,NO,SI,01,05,15,18,39,07
1966,19/02/2020,Tr,NO,SI,01,14,18,22,43,06
1967,22/02/2020,Re,NO,SI,05,11,22,27,35,15
1967,22/02/2020,Tr,NO,SI,19,20,24,34,43,05
1968,26/02/2020,Re,NO,SI,01,11,23,30,32,14
1968,26/02/2020,Tr,NO,SI,05,08,12,17,43,09
1969,29/02/2020,Re,NO,SI,02,07,15,16,22,04
1969,29/02/2020,Tr,NO,SI,05,23,26,32,38,11
1970,04/03/2020,Re,NO,SI,05,12,14,15,40,05
1970,04/03/2020,Tr,NO,SI,04,09,14,31,34,15
1971,07/03/2020,Re,NO,SI,02,10,11,17,22,12
1971,07/03/2020,Tr,NO,SI,01,04,08,11,36,09
1972,11/03/2020,Re,NO,SI,23,25,26,27,41,09
1972,11/03/2020,Tr,NO,SI,08,19,25,36,38,06
1973,14/03/2020,Re,NO,SI,03,17,22,35,36,12
1973,14/03/2020,Tr,NO,SI,11,20,21,38,40,09
1974,18/03/2020,Re,NO,SI,02,14,26,29,40,08
1974,18/03/2020,Tr,NO,SI,02,03,04,05,29,12
1975,21/03/2020,Re,NO,SI,09,22,25,31,40,15
1975,21/03/2020,Tr,NO,SI,04,09,20,35,43,05
1976,29/04/2020,Re,NO,SI,05,06,16,18,22,07
1976,29/04/2020,Tr,NO,SI,05,24,27,32,35,15
1977,02/05/2020,Re,NO,SI,11,19,24,34,39,02
1977,02/05/2020,Tr,NO,SI,08,11,15,35,40,14
1978,06/05/2020,Re,NO,SI,06,17,30,38,39,03
1978,06/05/2020,Tr,NO,SI,09,17,28,31,40,02
1979,09/05/2020,Re,NO,SI,03,28,32,41,43,01
1979,09/05/2020,Tr,NO,SI,24,30,37,38,40,07
1980,13/05/2020,Re,NO,SI,07,32,37,38,41,07
1980,13/05/2020,Tr,NO,SI,06,10,14,22,39,14
1981,16/05/2020,Re,NO,SI,04,10,18,30,37,06
1981,16/05/2020,Tr,NO,SI,16,18,26,37,42,02
1982,20/05/2020,Re,NO,SI,02,03,08,17,19,11
1982,20/05/2020,Tr,NO,SI,03,07,12,12,40,13
1983,23/05/2020,Re,NO,SI,01,05,15,30,40,13
1983,23/05/2020,Tr,NO,SI,02,11,26,32,41,05
1984,27/05/2020,Re,NO,SI,21,26,30,31,37,03
1984,27/05/2020,Tr,NO,SI,04,08,18,25,29,07
1985,30/05/2020,Re,NO,SI,07,20,26,32,38,14
1985,30/05/2020,Tr,NO,SI,01,07,14,35,43,12
1986,03/06/2020,Re,NO,SI,23,25,26,29,41,01
1986,03/06/2020,Tr,NO,SI,09,12,23,33,36,07
1987,06/06/2020,Re,NO,SI,07,16,26,30,32,07
1987,06/06/2020,Tr,NO,SI,02,07,09,12,34,16
1988,10/06/2020,Re,NO,SI,01,03,36,39,40,06
1988,10/06/2020,Tr,NO,SI,07,14,16,18,36,11
1989,13/06/2020,Re,NO,SI,02,09,10,29,31,13
1989,13/06/2020,Tr,NO,SI,13,25,30,36,41,07
1990,17/06/2020,Re,NO,SI,07,14,19,37,40,13
1990,17/06/2020,Tr,NO,SI,01,03,08,28,41,15
1991,20/06/2020,Re,NO,SI,14,25,28,34,36,05
1991,20/06/2020,Tr,NO,SI,05,14,28,31,39,10
1992,24/06/2020,Re,NO,SI,03,12,29,33,37,05
1992,24/06/2020,Tr,NO,SI,05,29,33,34,39,09
1993,27/06/2020,Re,NO,SI,04,09,25,31,36,15
1993,27/06/2020,Tr,NO,SI,08,12,16,21,27,16
1994,01/07/2020,Re,NO,SI,07,08,13,27,41,15
1994,01/07/2020,Tr,NO,SI,01,08,14,23,40,11
1995,04/07/2020,Re,NO,SI,23,24,25,26,38,10
1995,04/07/2020,Tr,NO,SI,03,30,32,38,41,06
1996,08/07/2020,Re,NO,SI,01,23,24,26,42,09
1996,08/07/2020,Tr,NO,SI,22,34,36,37,43,12
1997,11/07/2020,Re,NO,SI,01,02,05,30,43,07
1997,11/07/2020,Tr,NO,SI,10,13,22,26,42,05
1998,15/07/2020,Re,NO,SI,03,19,30,36,39,01
1998,15/07/2020,Tr,NO,SI,04,05,13,16,41,02
1999,18/07/2020,Re,NO,SI,12,15,29,39,41,04
1999,18/07/2020,Tr,NO,SI,05,06,07,28,32,16
2000,22/07/2020,Re,NO,SI,15,21,23,36,37,06
2000,22/07/2020,Tr,NO,SI,02,22,24,27,37,06
2001,25/07/2020,Re,NO,SI,03,11,15,23,26,09
2001,25/07/2020,Tr,NO,SI,05,12,25,26,43,07
2002,29/07/2020,Re,NO,SI,02,04,06,16,34,12
2002,29/07/2020,Tr,NO,SI,02,08,14,19,28,07
2003,01/08/2020,Re,NO,SI,02,15,27,28,41,02
2003,01/08/2020,Tr,NO,SI,07,24,29,30,38,05
2004,05/08/2020,Re,NO,SI,05,27,34,36,39,10
2004,05/08/2020,Tr,NO,SI,18,24,28,36,40,05
2005,08/08/2020,Re,NO,SI,07,15,26,41,43,09
2005,08/08/2020,Tr,NO,SI,04,11,22,25,26,08
2006,12/08/2020,Re,NO,SI,08,25,31,33,39,10
2006,12/08/2020,Tr,NO,SI,01,13,24,27,39,16
2007,15/08/2020,Re,NO,SI,05,15,27,36,38,15
2007,15/08/2020,Tr,NO,SI,13,29,30,40,42,10
2008,19/08/2020,Re,NO,SI,01,04,10,14,25,14
2008,19/08/2020,Tr,NO,SI,02,07,14,25,31,10
2009,22/08/2020,Re,NO,SI,01,11,24,32,39,04
2009,22/08/2020,Tr,NO,SI,07,18,23,31,36,14
2010,26/08/2020,Re,NO,SI,03,19,23,30,40,13
2010,26/08/2020,Tr,NO,SI,08,17,26,27,31,11
2011,29/08/2020,Re,NO,SI,16,19,20,22,25,06
2011,29/08/2020,Tr,NO,SI,10,18,21,24,43,16
2012,02/09/2020,Re,NO,SI,04,11,22,34,38,04
2012,02/09/2020,Tr,NO,SI,03,19,20,21,28,13
2013,05/09/2020,Re,NO,SI,04,08,24,26,32,15
2013,05/09/2020,Tr,NO,SI,02,10,27,30,31,10
2014,09/09/2020,Re,NO,SI,01,09,18,23,38,06
2014,09/09/2020,Tr,NO,SI,07,11,16,30,35,03
2015,12/09/2020,Tr,NO,SI,10,11,37,40,41,09
2015,12/09/2020,Re,NO,SI,08,15,21,27,35,10
2016,16/09/2020,Tr,NO,SI,02,19,22,25,37,15
2016,16/09/2020,Re,NO,SI,07,15,18,29,32,14
2017,19/09/2020,Tr,NO,SI,06,14,21,28,35,02
2017,19/09/2020,Re,NO,SI,10,15,21,33,39,07
2018,23/09/2020,Tr,NO,SI,10,20,21,34,36,03
2018,23/09/2020,Re,NO,SI,08,36,37,38,42,14
2019,26/09/2020,Tr,NO,SI,01,05,18,38,41,10
2019,26/09/2020,Re,NO,SI,04,13,22,36,37,10
2020,30/09/2020,Tr,NO,SI,01,09,13,16,30,05
2020,30/09/2020,Re,NO,SI,05,18,29,33,34,06
2021,03/10/2020,Tr,NO,SI,09,17,28,35,38,01
2021,03/10/2020,Re,NO,SI,08,09,11,36,42,13
2022,07/10/2020,Tr,NO,SI,13,22,27,40,41,05
2022,07/10/2020,Re,NO,SI,10,13,18,19,37,06
2023,10/10/2020,Tr,NO,SI,01,02,15,36,39,04
2023,10/10/2020,Re,NO,SI,07,25,29,32,41,07
2024,14/10/2020,Tr,NO,SI,05,08,11,16,32,13
2024,14/10/2020,Re,NO,SI,05,12,32,34,43,10
2025,17/10/2020,Tr,NO,SI,02,21,27,36,40,15
2025,17/10/2020,Re,NO,SI,01,05,16,26,29,08
2026,21/10/2020,Tr,NO,SI,01,03,26,33,34,10
2026,21/10/2020,Re,NO,SI,04,11,12,21,36,08
2027,24/10/2020,Tr,NO,SI,19,20,28,40,42,13
2027,24/10/2020,Re,NO,SI,06,10,18,27,35,10
2028,28/10/2020,Tr,NO,SI,09,19,20,36,37,12
2028,28/10/2020,Re,NO,SI,02,05,07,12,22,08
2029,31/10/2020,Tr,NO,SI,01,02,05,16,23,11
2029,31/10/2020,Re,NO,SI,09,17,21,34,40,04
2030,04/11/2020,Tr,NO,SI,22,26,29,30,39,07
2030,04/11/2020,Re,NO,SI,04,12,13,24,32,06
2031,07/11/2020,Tr,NO,SI,22,30,32,40,42,12
2031,07/11/2020,Re,NO,SI,03,08,09,23,35,08
2032,11/11/2020,Tr,NO,SI,03,05,11,25,29,06
2032,11/11/2020,Re,NO,SI,23,24,25,29,40,01
2033,14/11/2020,Tr,NO,SI,12,19,20,33,37,14
2033,14/11/2020,Re,NO,SI,02,03,04,11,33,04
2034,18/11/2020,Tr,NO,SI,17,20,26,35,40,13
2034,18/11/2020,Re,NO,SI,10,25,26,27,29,07
2035,21/11/2020,Tr,NO,SI,06,18,34,40,43,16
2035,21/11/2020,Re,NO,SI,05,16,18,28,41,02
2036,25/11/2020,Tr,NO,SI,02,21,22,30,34,07
2036,25/11/2020,Re,NO,SI,09,15,19,30,34,01
2037,28/11/2020,Tr,NO,SI,07,15,23,30,32,15
2037,28/11/2020,Re,NO,SI,14,22,25,32,40,02
2038,02/12/2020,Tr,NO,SI,07,19,27,31,36,12
2038,02/12/2020,Re,NO,SI,10,18,20,22,24,06
2039,05/12/2020,Tr,NO,SI,05,13,19,21,25,13
2039,05/12/2020,Re,NO,SI,04,19,32,35,41,16
2040,09/12/2020,Tr,NO,SI,05,10,21,28,42,16
2040,09/12/2020,Re,NO,SI,03,16,21,28,39,13
2041,12/12/2020,Tr,NO,SI,01,03,12,15,23,09
2041,12/12/2020,Re,NO,SI,06,11,20,22,33,04
2042,16/12/2020,Tr,NO,SI,09,24,25,27,40,06
2042,16/12/2020,Re,NO,SI,05,18,19,25,36,10
2043,19/12/2020,Tr,NO,SI,01,08,14,28,34,13
2043,19/12/2020,Re,NO,SI,05,10,13,16,18,03
2044,23/12/2020,Tr,NO,SI,05,12,23,28,35,14
2044,23/12/2020,Re,NO,SI,04,05,15,36,42,16
2045,26/12/2020,Tr,NO,SI,12,19,24,37,42,03
2045,26/12/2020,Re,NO,SI,18,23,26,35,36,10
2046,30/12/2020,Tr,NO,SI,05,19,24,27,29,04
2046,30/12/2020,Re,NO,SI,01,17,27,29,38,16
2047,02/01/2021,Tr,NO,SI,16,21,24,26,33,08
2047,02/01/2021,Re,NO,SI,06,11,13,40,43,05
2048,06/01/2021,Tr,NO,SI,06,29,37,39,43,13
2048,06/01/2021,Re,NO,SI,03,06,09,31,32,11
2049,09/01/2021,Tr,NO,SI,08,28,33,41,43,04
2049,09/01/2021,Re,NO,SI,07,10,17,37,43,07
2050,13/01/2021,Tr,NO,SI,01,14,36,37,40,08
2050,13/01/2021,Re,NO,SI,01,09,11,23,41,01
2051,16/01/2021,Tr,NO,SI,07,14,18,27,28,04
2051,16/01/2021,Re,NO,SI,02,11,13,22,38,04
2052,20/01/2021,Tr,NO,SI,17,24,26,28,40,16
2052,20/01/2021,Re,NO,SI,01,03,09,22,25,08
2053,23/01/2021,Tr,NO,SI,07,15,22,25,32,09
2053,23/01/2021,Re,NO,SI,03,05,11,37,40,05
2054,27/01/2021,Tr,NO,SI,14,19,21,22,23,02
2054,27/01/2021,Re,NO,SI,03,08,12,15,38,05
2055,30/01/2021,Tr,NO,SI,01,10,11,23,33,10
2055,30/01/2021,Re,NO,SI,05,06,08,21,23,09
2056,03/02/2021,Tr,NO,SI,06,13,17,33,38,12
2056,03/02/2021,Re,NO,SI,07,15,34,40,42,14
2057,06/02/2021,Tr,NO,SI,07,15,23,29,35,08
2057,06/02/2021,Re,NO,SI,05,17,23,28,35,16
2058,10/02/2021,Tr,NO,SI,04,15,31,36,40,06
2058,10/02/2021,Re,NO,SI,07,18,19,33,35,12
2059,13/02/2021,Tr,NO,SI,03,04,05,07,21,16
2059,13/02/2021,Re,NO,SI,03,11,18,36,37,04
2060,17/02/2021,Tr,NO,SI,11,21,22,38,42,04
2060,17/02/2021,Re,NO,SI,01,06,12,40,42,02
2061,20/02/2021,Tr,NO,SI,04,06,17,24,25,14
2061,20/02/2021,Re,NO,SI,02,14,28,34,39,15
2062,24/02/2021,Tr,NO,SI,05,07,08,12,25,01
2062,24/02/2021,Re,NO,SI,05,10,12,24,41,05
2063,27/02/2021,Tr,NO,SI,06,17,22,30,42,05
2063,27/02/2021,Re,NO,SI,07,17,19,27,36,12
2064,03/03/2021,Tr,NO,SI,06,08,15,32,33,13
2064,03/03/2021,Re,NO,SI,02,03,14,38,42,13
2065,06/03/2021,Tr,NO,SI,01,13,16,19,20,02
2065,06/03/2021,Re,NO,SI,08,10,18,31,42,01
2066,10/03/2021,Tr,NO,SI,01,04,21,27,33,03
2066,10/03/2021,Re,NO,SI,13,22,26,36,38,12
2067,13/03/2021,Tr,NO,SI,04,06,27,35,39,02
2067,13/03/2021,Re,NO,SI,14,15,38,42,43,13
2068,17/03/2021,Tr,NO,SI,14,28,33,34,35,15
2068,17/03/2021,Re,NO,SI,02,22,30,35,39,15
2069,20/03/2021,Tr,NO,SI,10,16,23,31,43,12
2069,20/03/2021,Re,NO,SI,05,22,28,29,38,08
2070,24/03/2021,Tr,NO,SI,02,20,32,37,43,13
2070,24/03/2021,Re,NO,SI,05,19,30,35,37,03
2071,27/03/2021,Tr,NO,SI,13,20,25,30,35,04
2071,27/03/2021,Re,NO,SI,08,11,25,31,32,03
2072,31/03/2021,Tr,NO,SI,05,07,11,17,22,03
2072,31/03/2021,Re,NO,SI,04,10,28,37,43,10
2073,03/04/2021,Tr,NO,SI,02,23,30,33,40,16
2073,03/04/2021,Re,NO,SI,07,13,27,29,41,15
2074,07/04/2021,Tr,NO,SI,04,31,37,41,42,05
2074,07/04/2021,Re,NO,SI,01,02,08,34,36,01
2075,10/04/2021,Tr,NO,SI,17,18,36,37,42,02
2075,10/04/2021,Re,NO,SI,05,10,20,22,41,02
2076,14/04/2021,Tr,NO,SI,27,31,32,42,43,01
2076,14/04/2021,Re,NO,SI,14,16,18,24,31,11
2077,17/04/2021,Tr,NO,SI,05,07,11,16,29,05
2077,17/04/2021,Re,NO,SI,19,27,33,35,40,09
2078,21/04/2021,Tr,NO,SI,03,12,19,20,24,02
2078,21/04/2021,Re,NO,SI,06,09,16,22,27,08
2079,24/04/2021,Tr,NO,SI,06,10,25,31,36,16
2079,24/04/2021,Re,NO,SI,05,09,10,18,27,05
2080,28/04/2021,Tr,NO,SI,03,19,34,37,43,07
2080,28/04/2021,Re,NO,SI,09,23,31,39,42,10
2081,01/05/2021,Tr,NO,SI,22,23,27,28,30,03
2081,01/05/2021,Re,NO,SI,01,16,34,41,43,02
2082,05/05/2021,Tr,NO,SI,02,05,10,23,34,07
2082,05/05/2021,Re,NO,SI,03,15,17,29,32,16
2083,08/05/2021,Tr,NO,SI,04,08,09,28,37,11
2083,08/05/2021,Re,NO,SI,05,10,24,29,41,11
2084,12/05/2021,Tr,NO,SI,04,23,28,29,31,16
2084,12/05/2021,Re,NO,SI,04,06,08,09,16,05
2085,15/05/2021,Tr,NO,SI,03,05,25,30,42,08
2085,15/05/2021,Re,NO,SI,17,26,31,35,38,10
2086,19/05/2021,Tr,NO,SI,09,12,16,21,30,01
2086,19/05/2021,Re,NO,SI,13,20,29,39,40,16
2087,22/05/2021,Tr,NO,SI,08,29,32,34,42,05
2087,22/05/2021,Re,NO,SI,02,09,13,35,39,12
2088,26/05/2021,Tr,NO,SI,03,09,12,34,35,13
2088,26/05/2021,Re,NO,SI,05,16,31,32,33,14
2089,29/05/2021,Tr,NO,SI,08,12,18,40,43,04
2089,29/05/2021,Re,NO,SI,01,08,18,29,40,02
2090,02/06/2021,Tr,NO,SI,01,15,22,36,37,13
2090,02/06/2021,Re,NO,SI,03,05,22,26,35,03
2091,05/06/2021,Tr,NO,SI,01,04,05,16,30,07
2091,05/06/2021,Re,NO,SI,01,09,10,13,27,08
2092,09/06/2021,Tr,NO,SI,07,14,20,34,41,04
2092,09/06/2021,Re,NO,SI,06,07,26,27,41,15
2093,12/06/2021,Tr,NO,SI,09,15,25,27,33,13
2093,12/06/2021,Re,NO,SI,18,19,25,26,43,09
2094,16/06/2021,Tr,NO,SI,07,08,21,30,42,02
2094,16/06/2021,Re,NO,SI,02,06,28,34,38,11
2095,19/06/2021,Tr,NO,SI,01,05,08,14,40,08
2095,19/06/2021,Re,NO,SI,05,08,14,26,33,03
2096,23/06/2021,Tr,NO,SI,06,19,20,37,38,10
2096,23/06/2021,Re,NO,SI,15,16,17,39,41,09
2097,26/06/2021,Tr,NO,SI,06,21,22,34,36,10
2097,26/06/2021,Re,NO,SI,04,14,31,32,43,16
2098,30/06/2021,Tr,NO,SI,26,29,39,42,43,04
2098,30/06/2021,Re,NO,SI,23,28,35,37,38,15
2099,03/07/2021,Tr,NO,SI,21,22,23,33,41,08
2099,03/07/2021,Re,NO,SI,01,09,13,22,29,14
2100,07/07/2021,Tr,NO,SI,05,09,16,29,42,11
2100,07/07/2021,Re,NO,SI,05,17,21,26,31,07
2101,10/07/2021,Tr,NO,SI,08,15,30,35,36,03
2101,10/07/2021,Re,NO,SI,03,05,25,27,36,14
2102,14/07/2021,Tr,NO,SI,07,08,18,34,42,08
2102,14/07/2021,Re,NO,SI,20,24,27,29,36,01
2103,17/07/2021,Tr,NO,SI,14,18,20,32,33,04
2103,17/07/2021,Re,NO,SI,15,16,24,26,40,09
2104,21/07/2021,Tr,NO,SI,07,09,15,16,26,11
2104,21/07/2021,Re,NO,SI,03,07,23,35,36,10
2105,24/07/2021,Tr,NO,SI,21,22,29,30,38,11
2105,24/07/2021,Re,NO,SI,03,13,16,36,40,05
2106,28/07/2021,Tr,NO,SI,06,22,28,32,36,02
2106,28/07/2021,Re,NO,SI,08,19,28,36,40,14
2107,31/07/2021,Tr,NO,SI,01,27,28,34,37,11
2107,31/07/2021,Re,NO,SI,02,09,17,24,25,08
2108,04/08/2021,Tr,NO,SI,06,10,15,33,42,16
2108,04/08/2021,Re,NO,SI,01,08,19,29,40,07
2109,07/08/2021,Tr,NO,SI,14,18,20,39,41,05
2109,07/08/2021,Re,NO,SI,01,06,21,34,40,07
2110,11/08/2021,Tr,NO,SI,02,09,24,26,42,05
2110,11/08/2021,Re,NO,SI,03,11,22,27,39,02
2111,14/08/2021,Tr,NO,SI,10,14,32,35,42,13
2111,14/08/2021,Re,NO,SI,15,21,31,32,33,06
2112,18/08/2021,Tr,NO,SI,08,12,15,31,38,14
2112,18/08/2021,Re,NO,SI,06,09,19,37,39,15
2113,21/08/2021,Tr,NO,SI,12,14,18,37,40,02
2113,21/08/2021,Re,NO,SI,08,13,22,24,30,10
2114,25/08/2021,Tr,NO,SI,07,18,20,22,34,11
2114,25/08/2021,Re,NO,SI,03,07,09,17,39,08
2115,28/08/2021,Tr,NO,SI,08,18,21,30,43,05
2115,28/08/2021,Re,NO,SI,03,20,27,40,43,01
2116,01/09/2021,Tr,NO,SI,01,07,09,31,40,13
2116,01/09/2021,Re,NO,SI,07,12,20,23,32,01
2117,04/09/2021,Tr,NO,SI,22,30,31,34,41,16
2117,04/09/2021,Re,NO,SI,08,15,30,36,41,14
2118,08/09/2021,Tr,NO,SI,08,14,25,31,34,06
2118,08/09/2021,Re,NO,SI,11,19,28,32,36,06
2119,11/09/2021,Tr,NO,SI,08,09,25,32,41,01
2119,11/09/2021,Re,NO,SI,07,12,27,35,41,08
2120,15/09/2021,Tr,NO,SI,15,20,34,35,38,13
2120,15/09/2021,Re,NO,SI,04,22,28,35,37,16
2121,18/09/2021,Tr,NO,SI,02,10,11,18,23,10
2121,18/09/2021,Re,NO,SI,12,24,34,37,40,08
2122,22/09/2021,Tr,NO,SI,14,19,40,41,43,02
2122,22/09/2021,Re,NO,SI,08,23,27,33,42,09
2123,25/09/2021,Tr,NO,SI,09,17,39,41,43,01
2123,25/09/2021,Re,NO,SI,06,07,23,36,43,10
2124,29/09/2021,Tr,NO,SI,20,28,35,37,39,03
2124,29/09/2021,Re,NO,SI,04,09,13,18,25,09
2125,02/10/2021,Tr,NO,SI,01,16,24,36,42,11
2125,02/10/2021,Re,NO,SI,19,30,38,39,41,01
2126,06/10/2021,Tr,NO,SI,05,20,22,32,35,16
2126,06/10/2021,Re,NO,SI,10,20,25,30,36,16
2127,09/10/2021,Tr,NO,SI,05,15,27,34,35,04
2127,09/10/2021,Re,NO,SI,04,08,12,27,41,06
2128,13/10/2021,Tr,NO,SI,01,02,11,15,33,12
2128,13/10/2021,Re,NO,SI,02,10,15,22,25,06
2129,16/10/2021,Tr,NO,SI,02,08,11,13,22,15
2129,16/10/2021,Re,NO,SI,06,10,25,26,27,06
2130,20/10/2021,Tr,NO,SI,11,14,15,22,25,16
2130,20/10/2021,Re,NO,SI,13,14,18,21,39,13
2131,23/10/2021,Tr,SI,SI,02,05,07,20,34,14
2131,23/10/2021,Re,NO,SI,01,02,18,19,23,07
2132,27/10/2021,Tr,NO,SI,12,14,18,28,40,08
2132,27/10/2021,Re,NO,SI,06,09,16,17,26,06
2133,30/10/2021,Tr,NO,SI,17,19,21,24,40,11
2133,30/10/2021,Re,NO,SI,12,19,31,42,43,02
2134,03/11/2021,Tr,NO,SI,07,13,17,21,36,01
2134,03/11/2021,Re,NO,SI,04,12,35,39,43,14
2135,06/11/2021,Tr,NO,SI,04,05,29,37,42,13
2135,06/11/2021,Re,NO,SI,03,19,26,32,43,11
2136,10/11/2021,Tr,NO,SI,18,35,37,39,42,13
2136,10/11/2021,Re,NO,SI,05,07,23,34,43,11
2137,13/11/2021,Tr,NO,SI,01,06,16,22,31,16
2137,13/11/2021,Re,NO,SI,11,12,28,29,32,13
2138,17/11/2021,Tr,NO,SI,06,07,09,18,35,06
2138,17/11/2021,Re,NO,SI,01,11,22,32,33,12
2139,20/11/2021,Tr,NO,SI,12,15,22,26,28,07
2139,20/11/2021,Re,NO,SI,01,04,12,13,33,13
2140,24/11/2021,Tr,NO,SI,17,25,29,34,36,12
2140,24/11/2021,Re,NO,SI,04,07,19,33,39,08
2141,27/11/2021,Tr,NO,SI,09,13,24,29,38,09
2141,27/11/2021,Re,NO,SI,06,20,24,30,40,16
2142,01/12/2021,Tr,NO,SI,13,15,16,24,43,13
2142,01/12/2021,Re,NO,SI,09,11,15,20,35,02
2143,04/12/2021,Tr,NO,SI,09,11,22,26,42,15
2143,04/12/2021,Re,NO,SI,25,27,31,42,43,14
2144,08/12/2021,Tr,NO,SI,01,04,06,12,22,10
2144,08/12/2021,Re,NO,SI,09,25,33,35,40,07
2145,11/12/2021,Tr,NO,SI,02,08,20,35,38,03
2145,11/12/2021,Re,NO,SI,09,16,19,29,39,01
2146,15/12/2021,Tr,NO,SI,01,15,20,31,35,15
2146,15/12/2021,Re,NO,SI,07,25,34,42,43,02
2147,18/12/2021,Tr,NO,SI,02,18,22,24,28,04
2147,18/12/2021,Re,NO,SI,03,16,22,26,40,12
2148,22/12/2021,Tr,NO,SI,05,11,29,30,43,14
2148,22/12/2021,Re,NO,SI,05,20,35,38,43,02
2149,25/12/2021,Tr,NO,SI,02,05,16,24,39,15
2149,25/12/2021,Re,NO,SI,14,15,26,28,40,14
2150,29/12/2021,Tr,NO,SI,08,24,34,38,42,11
2150,29/12/2021,Re,NO,SI,16,17,24,26,28,04
2151,01/01/2022,Tr,NO,SI,17,19,20,21,26,13
2151,01/01/2022,Re,NO,SI,02,08,21,38,43,07
2152,05/01/2022,Tr,NO,SI,10,33,36,40,43,16
2152,05/01/2022,Re,NO,SI,20,21,38,40,43,05
2153,08/01/2022,Tr,NO,SI,08,11,30,31,38,07
2153,08/01/2022,Re,SI,SI,09,16,18,21,27,05
2154,12/01/2022,Tr,NO,SI,01,02,11,34,41,10
2154,12/01/2022,Re,NO,SI,02,12,17,30,32,01
2155,15/01/2022,Tr,NO,SI,04,13,20,27,42,01
2155,15/01/2022,Re,NO,SI,01,05,09,21,24,10
2156,19/01/2022,Tr,NO,SI,14,17,24,25,41,01
2156,19/01/2022,Re,NO,SI,22,24,34,38,43,06
2157,22/01/2022,Tr,NO,SI,01,05,13,27,30,07
2157,22/01/2022,Re,NO,SI,12,14,35,38,40,01
2158,26/01/2022,Tr,NO,SI,12,15,28,35,38,01
2158,26/01/2022,Re,NO,SI,22,24,31,33,34,13
2159,29/01/2022,Tr,NO,SI,08,18,19,22,32,01
2159,29/01/2022,Re,NO,SI,18,24,29,40,41,05
2160,02/02/2022,Tr,NO,SI,03,09,22,23,36,02
2160,02/02/2022,Re,NO,SI,03,14,15,19,31,07
2161,05/02/2022,Tr,NO,SI,05,09,27,38,42,01
2161,05/02/2022,Re,NO,SI,02,11,12,24,43,12
2162,09/02/2022,Tr,NO,SI,01,06,24,33,43,08
2162,09/02/2022,Re,NO,SI,02,03,08,15,33,06
2163,12/02/2022,Tr,NO,SI,01,07,22,28,38,06
2163,12/02/2022,Re,NO,SI,01,12,13,33,36,03
2164,16/02/2022,Tr,NO,SI,14,18,24,37,43,15
2164,16/02/2022,Re,NO,SI,05,08,09,21,42,08
2165,19/02/2022,Tr,NO,SI,03,22,27,31,32,10
2165,19/02/2022,Re,NO,SI,07,17,33,35,41,09
2166,23/02/2022,Tr,NO,SI,07,13,36,38,42,09
2166,23/02/2022,Re,NO,SI,17,20,23,32,40,02
2167,26/02/2022,Tr,NO,SI,03,08,25,36,38,10
2167,26/02/2022,Re,NO,SI,29,32,33,39,43,01
2168,02/03/2022,Tr,NO,SI,15,20,26,37,40,13
2168,02/03/2022,Re,NO,SI,03,04,09,19,26,15
2169,05/03/2022,Tr,NO,SI,01,04,05,29,33,11
2169,05/03/2022,Re,NO,SI,05,12,18,21,22,02
2170,09/03/2022,Tr,NO,SI,17,18,19,27,37,14
2170,09/03/2022,Re,NO,SI,07,09,21,32,35,07
2171,12/03/2022,Tr,NO,SI,01,04,10,16,25,15
2171,12/03/2022,Re,NO,SI,02,03,07,24,34,03
2172,16/03/2022,Tr,NO,SI,01,11,31,33,36,07
2172,16/03/2022,Re,NO,SI,02,13,16,34,38,16
2173,19/03/2022,Tr,NO,SI,09,27,36,39,43,08
2173,19/03/2022,Re,NO,SI,23,28,31,33,38,04
2174,23/03/2022,Tr,NO,SI,03,09,37,40,42,11
2174,23/03/2022,Re,NO,SI,16,18,28,30,34,01
2175,26/03/2022,Tr,NO,SI,19,23,33,34,40,05
2175,26/03/2022,Re,NO,SI,05,19,24,34,39,13
2176,30/03/2022,Tr,NO,SI,04,06,16,36,37,14
2176,30/03/2022,Re,NO,SI,22,29,30,33,40,03
2177,02/04/2022,Tr,NO,SI,03,07,08,18,38,07
2177,02/04/2022,Re,NO,SI,13,28,33,37,43,14
2178,06/04/2022,Tr,NO,SI,11,24,33,42,43,15
2178,06/04/2022,Re,SI,SI,04,14,28,32,35,15
2179,09/04/2022,Tr,NO,SI,20,27,31,34,41,09
2179,09/04/2022,Re,NO,SI,01,15,27,30,43,03
2180,13/04/2022,Tr,NO,SI,07,09,16,23,28,12
2180,13/04/2022,Re,NO,SI,07,10,13,28,31,02
2181,16/04/2022,Tr,NO,SI,01,05,08,17,30,15
2181,16/04/2022,Re,NO,SI,13,14,27,28,39,13
2182,20/04/2022,Tr,NO,SI,13,16,35,38,42,03
2182,20/04/2022,Re,NO,SI,05,12,18,32,36,12
2183,23/04/2022,Tr,NO,SI,06,16,28,39,40,02
2183,23/04/2022,Re,NO,SI,03,23,29,30,38,03
2184,27/04/2022,Tr,NO,SI,04,09,20,25,43,14
2184,27/04/2022,Re,NO,SI,06,07,15,17,31,12
2185,30/04/2022,Tr,NO,SI,03,05,10,30,40,08
2185,30/04/2022,Re,NO,SI,12,19,24,34,35,10
2186,04/05/2022,Tr,NO,SI,14,27,34,38,40,14
2186,04/05/2022,Re,NO,SI,03,10,11,19,41,15
2187,07/05/2022,Tr,NO,SI,04,18,30,41,43,11
2187,07/05/2022,Re,NO,SI,02,06,11,19,22,16
2188,11/05/2022,Tr,NO,SI,21,26,27,30,31,02
2188,11/05/2022,Re,SI,SI,05,11,22,23,24,15
2189,14/05/2022,Tr,NO,SI,05,07,20,26,33,14
2189,14/05/2022,Re,NO,SI,04,12,14,28,38,10
2190,18/05/2022,Tr,NO,SI,15,20,27,38,42,03
2190,18/05/2022,Re,NO,SI,22,23,28,32,38,05
2191,21/05/2022,Tr,NO,SI,13,19,21,25,36,12
2191,21/05/2022,Re,SI,SI,23,26,27,31,42,04
2192,25/05/2022,Tr,NO,SI,05,10,14,37,40,06
2192,25/05/2022,Re,NO,SI,01,08,21,28,36,05
2193,28/05/2022,Tr,NO,SI,06,20,25,29,41,04
2193,28/05/2022,Re,NO,SI,06,29,33,40,42,12
2194,01/06/2022,Tr,NO,SI,13,17,25,26,35,04
2194,01/06/2022,Re,NO,SI,10,17,18,25,28,16
2195,04/06/2022,Tr,NO,SI,20,24,32,35,37,05
2195,04/06/2022,Re,NO,SI,03,07,10,26,31,08
2196,08/06/2022,Tr,NO,SI,05,06,17,22,31,10
2196,08/06/2022,Re,NO,SI,12,22,28,42,43,09
2197,11/06/2022,Tr,NO,SI,22,24,28,31,43,04
2197,11/06/2022,Re,NO,SI,01,06,16,31,37,13
2198,15/06/2022,Tr,NO,SI,01,07,12,32,43,01
2198,15/06/2022,Re,NO,SI,14,16,27,34,41,14
2199,18/06/2022,Tr,NO,SI,01,14,18,19,26,10
2199,18/06/2022,Re,NO,SI,03,07,15,19,43,01
2200,22/06/2022,Tr,NO,SI,16,28,30,32,39,11
2200,22/06/2022,Re,NO,SI,05,14,20,30,31,08
2201,25/06/2022,Tr,NO,SI,07,09,14,28,39,09
2201,25/06/2022,Re,NO,SI,02,10,15,22,25,03
2202,29/06/2022,Tr,NO,SI,09,24,29,30,32,14
2202,29/06/2022,Re,NO,SI,08,11,12,29,41,14
2203,02/07/2022,Tr,NO,SI,07,08,11,12,38,05
2203,02/07/2022,Re,NO,SI,02,09,16,31,34,05
2204,06/07/2022,Tr,NO,SI,01,08,12,13,42,05
2204,06/07/2022,Re,NO,SI,22,31,35,40,42,02
2205,09/07/2022,Tr,NO,SI,01,08,21,29,35,06
2205,09/07/2022,Re,NO,SI,04,15,27,30,35,07
2206,13/07/2022,Tr,NO,SI,16,23,31,39,43,09
2206,13/07/2022,Re,NO,SI,06,12,13,15,38,16
2207,16/07/2022,Tr,NO,SI,07,09,11,28,34,05
2207,16/07/2022,Re,NO,SI,03,04,06,18,36,15
2208,20/07/2022,Tr,NO,SI,03,11,29,39,40,13
2208,20/07/2022,Re,NO,SI,07,08,13,18,37,12
2209,23/07/2022,Tr,NO,SI,02,08,11,19,26,06
2209,23/07/2022,Re,NO,SI,20,30,31,33,39,10
2210,27/07/2022,Tr,NO,SI,02,20,26,30,43,11
2210,27/07/2022,Re,NO,SI,07,09,10,11,29,13
2211,30/07/2022,Tr,NO,SI,04,14,19,25,31,15
2211,30/07/2022,Re,NO,SI,16,17,22,26,36,15
2212,03/08/2022,Tr,NO,SI,06,08,13,32,43,15
2212,03/08/2022,Re,NO,SI,06,28,33,34,38,12
2213,06/08/2022,Tr,NO,SI,06,13,33,35,41,11
2213,06/08/2022,Re,NO,SI,04,08,17,39,40,14
2214,10/08/2022,Tr,NO,SI,01,14,15,22,36,11
2214,10/08/2022,Re,NO,SI,13,14,15,33,40,16
2215,13/08/2022,Tr,SI,SI,05,06,18,19,24,09
2215,13/08/2022,Re,NO,SI,01,08,10,22,25,04
2216,17/08/2022,Tr,NO,SI,03,08,15,22,33,13
2216,17/08/2022,Re,NO,SI,03,07,20,31,35,07
2217,20/08/2022,Tr,NO,SI,12,14,15,20,43,10
2217,20/08/2022,Re,NO,SI,01,06,34,37,39,04
2218,24/08/2022,Tr,NO,SI,14,18,21,26,36,07
2218,24/08/2022,Re,NO,SI,02,06,24,32,40,05
2219,27/08/2022,Tr,NO,SI,01,13,16,22,25,08
2219,27/08/2022,Re,NO,SI,01,26,27,35,43,11
2220,31/08/2022,Tr,NO,SI,15,16,26,34,39,06
2220,31/08/2022,Re,NO,SI,04,12,17,19,42,14
2221,03/09/2022,Tr,NO,SI,02,05,23,27,36,12
2221,03/09/2022,Re,NO,SI,04,09,26,33,41,03
2222,07/09/2022,Tr,NO,SI,14,15,17,23,39,06
2222,07/09/2022,Re,NO,SI,01,12,15,22,33,16
2223,10/09/2022,Tr,NO,SI,03,09,10,19,35,08
2223,10/09/2022,Re,NO,SI,12,18,32,34,43,04
2224,14/09/2022,Tr,NO,SI,07,13,19,32,42,07
2224,14/09/2022,Re,NO,SI,06,08,20,34,41,08
2225,17/09/2022,Tr,NO,SI,03,25,30,33,34,01
2225,17/09/2022,Re,NO,SI,09,10,18,29,32,04
2226,21/09/2022,Tr,NO,SI,02,04,20,21,35,03
2226,21/09/2022,Re,NO,SI,03,06,07,26,42,11
2227,24/09/2022,Tr,NO,SI,05,08,19,30,33,01
2227,24/09/2022,Re,NO,SI,11,16,32,34,37,05
2228,28/09/2022,Tr,NO,SI,02,04,12,21,33,02
2228,28/09/2022,Re,NO,SI,06,17,36,37,38,11
2229,01/10/2022,Tr,NO,SI,03,05,28,37,42,15
2229,01/10/2022,Re,NO,SI,03,05,15,22,42,02
2230,05/10/2022,Tr,NO,SI,01,03,08,31,35,16
2230,05/10/2022,Re,NO,SI,05,16,23,34,43,16
2231,08/10/2022,Tr,NO,SI,01,03,15,19,29,13
2231,08/10/2022,Re,NO,SI,10,17,31,36,41,14
2232,12/10/2022,Tr,NO,SI,12,21,25,37,41,03
2232,12/10/2022,Re,NO,SI,12,24,33,34,36,03
2233,15/10/2022,Tr,NO,SI,09,21,24,39,40,12
2233,15/10/2022,Re,NO,SI,03,14,35,36,37,08
2234,19/10/2022,Tr,NO,SI,05,08,20,24,37,04
2234,19/10/2022,Re,NO,SI,01,07,20,36,39,14
2235,22/10/2022,Tr,SI,SI,02,04,06,09,25,13
2235,22/10/2022,Re,NO,SI,02,05,14,30,36,12
2236,26/10/2022,Tr,NO,SI,09,12,16,17,21,14
2236,26/10/2022,Re,NO,SI,18,32,33,40,41,10
2237,29/10/2022,Tr,NO,SI,02,10,13,32,42,01
2237,29/10/2022,Re,NO,SI,05,09,11,20,30,04
2238,02/11/2022,Tr,NO,SI,20,28,30,31,36,08
2238,02/11/2022,Re,NO,SI,05,15,19,33,43,08
2239,05/11/2022,Tr,NO,SI,04,19,22,36,43,10
2239,05/11/2022,Re,NO,SI,01,08,17,20,30,09
2240,09/11/2022,Tr,NO,SI,05,14,17,31,34,03
2240,09/11/2022,Re,NO,SI,02,07,12,26,43,04
2241,12/11/2022,Tr,NO,SI,10,11,25,27,33,16
2241,12/11/2022,Re,NO,SI,06,21,26,39,41,15
2242,16/11/2022,Tr,NO,SI,07,09,17,38,39,09
2242,16/11/2022,Re,NO,SI,05,09,16,25,26,10
2243,19/11/2022,Tr,NO,SI,23,26,27,33,37,03
2243,19/11/2022,Re,NO,SI,04,24,25,26,43,03
2244,23/11/2022,Tr,NO,SI,05,09,13,22,43,12
2244,23/11/2022,Re,SI,SI,06,11,18,28,43,04
2245,26/11/2022,Tr,NO,SI,04,09,30,31,34,16
2245,26/11/2022,Re,NO,SI,08,20,21,29,38,11
2246,30/11/2022,Tr,NO,SI,14,16,33,38,41,10
2246,30/11/2022,Re,NO,SI,06,12,15,16,35,03
2247,03/12/2022,Tr,NO,SI,14,19,21,32,33,01
2247,03/12/2022,Re,NO,SI,05,11,12,13,34,03
2248,07/12/2022,Tr,NO,SI,11,14,28,29,32,03
2248,07/12/2022,Re,NO,SI,05,17,21,24,28,10
2249,10/12/2022,Tr,NO,SI,06,09,28,35,41,07
2249,10/12/2022,Re,NO,SI,04,07,21,22,36,10
2250,14/12/2022,Tr,NO,SI,02,15,23,33,43,04
2250,14/12/2022,Re,NO,SI,14,18,24,36,42,02
2251,17/12/2022,Tr,NO,SI,01,10,12,39,40,14
2251,17/12/2022,Re,NO,SI,21,26,34,37,42,16
2252,21/12/2022,Tr,NO,SI,24,27,30,31,39,12
2252,21/12/2022,Re,NO,SI,31,33,37,40,41,16
2253,24/12/2022,Tr,NO,SI,07,09,23,37,40,14
2253,24/12/2022,Re,NO,SI,16,26,27,36,42,11
2254,28/12/2022,Tr,NO,SI,02,08,17,20,25,07
2254,28/12/2022,Re,NO,SI,01,04,09,23,24,13
2255,31/12/2022,Tr,NO,SI,03,11,27,31,32,12
2255,31/12/2022,Re,NO,SI,14,25,32,33,39,12
2256,04/01/2023,Tr,NO,SI,12,32,36,37,42,11
2256,04/01/2023,Re,NO,SI,01,12,14,32,33,08
2257,07/01/2023,Tr,NO,SI,17,25,32,33,40,03
2257,07/01/2023,Re,NO,SI,11,17,33,34,40,09
2258,11/01/2023,Tr,NO,SI,02,17,24,37,42,11
2258,11/01/2023,Re,NO,SI,17,21,22,27,29,09
2259,14/01/2023,Tr,NO,SI,02,23,25,33,34,10
2259,14/01/2023,Re,NO,SI,04,08,21,36,43,08
2260,18/01/2023,Tr,NO,SI,10,29,30,32,36,04
2260,18/01/2023,Re,NO,SI,08,09,33,35,42,13
2261,21/01/2023,Tr,NO,SI,02,07,12,21,37,09
2261,21/01/2023,Re,NO,SI,06,11,13,16,42,12
2262,25/01/2023,Tr,NO,SI,05,07,10,22,31,12
2262,25/01/2023,Re,NO,SI,17,20,26,33,38,01
2263,28/01/2023,Tr,NO,SI,02,14,15,28,40,05
2263,28/01/2023,Re,NO,SI,08,18,27,40,42,08
2264,01/02/2023,Tr,NO,SI,08,12,16,26,39,06
2264,01/02/2023,Re,NO,SI,08,12,23,37,38,16
2265,04/02/2023,Tr,NO,SI,01,10,14,32,39,10
2265,04/02/2023,Re,NO,SI,05,06,18,26,42,09
2266,08/02/2023,Tr,NO,SI,03,08,12,13,43,07
2266,08/02/2023,Re,NO,SI,09,21,23,28,38,12
2267,11/02/2023,Tr,NO,SI,08,11,17,29,42,13
2267,11/02/2023,Re,NO,SI,07,20,25,26,30,11
2268,15/02/2023,Tr,NO,SI,07,15,22,25,35,09
2268,15/02/2023,Re,NO,SI,01,19,35,36,39,08
2269,18/02/2023,Tr,NO,SI,07,20,25,30,38,04
2269,18/02/2023,Re,NO,SI,05,07,10,13,31,14
2270,22/02/2023,Tr,NO,SI,06,08,13,14,22,12
2270,22/02/2023,Re,NO,SI,10,16,26,32,35,14
2271,25/02/2023,Tr,NO,SI,12,14,20,32,35,09
2271,25/02/2023,Re,NO,SI,20,26,29,37,38,12
2272,01/03/2023,Tr,NO,SI,16,23,36,39,42,11
2272,01/03/2023,Re,NO,SI,01,12,38,39,41,16
2273,04/03/2023,Tr,NO,SI,04,05,12,24,33,12
2273,04/03/2023,Re,NO,SI,01,05,11,28,31,15
2274,08/03/2023,Tr,NO,SI,24,26,35,36,41,07
2274,08/03/2023,Re,NO,SI,23,30,36,37,40,11
2275,11/03/2023,Tr,SI,SI,09,13,15,27,31,15
2275,11/03/2023,Re,NO,SI,03,07,24,33,40,14
2276,15/03/2023,Tr,NO,SI,02,04,18,23,39,05
2276,15/03/2023,Re,NO,SI,03,07,16,33,34,03
2277,18/03/2023,Tr,NO,SI,02,15,16,30,37,03
2277,18/03/2023,Re,NO,SI,01,05,09,19,31,13
2278,22/03/2023,Tr,NO,SI,01,16,21,34,35,14
2278,22/03/2023,Re,NO,SI,02,20,23,27,37,08
2279,25/03/2023,Tr,NO,SI,04,17,24,27,40,04
2279,25/03/2023,Re,NO,SI,07,08,16,19,30,05
2280,29/03/2023,Tr,NO,SI,21,22,23,31,39,06
2280,29/03/2023,Re,NO,SI,14,16,24,29,30,03
2281,01/04/2023,Tr,NO,SI,01,04,11,22,25,06
2281,01/04/2023,Re,NO,SI,20,24,27,33,40,12
2282,05/04/2023,Tr,NO,SI,04,05,07,36,37,01
2282,05/04/2023,Re,SI,SI,04,05,18,22,29,02
2283,08/04/2023,Tr,NO,SI,03,05,12,19,20,05
2283,08/04/2023,Re,NO,SI,10,27,32,40,42,14
2284,12/04/2023,Tr,NO,SI,11,20,24,29,35,02
2284,12/04/2023,Re,NO,SI,04,17,19,23,32,09
2285,15/04/2023,Tr,NO,SI,19,21,28,29,30,12
2285,15/04/2023,Re,NO,SI,05,26,33,37,43,04
2286,19/04/2023,Tr,NO,SI,15,18,19,32,36,08
2286,19/04/2023,Re,NO,SI,03,13,21,37,43,13
2287,22/04/2023,Tr,NO,SI,17,18,32,37,43,06
2287,22/04/2023,Re,NO,SI,03,12,15,28,40,01
2288,26/04/2023,Tr,NO,SI,04,10,13,27,43,02
2288,26/04/2023,Re,NO,SI,02,16,25,35,39,11
2289,29/04/2023,Tr,NO,SI,07,20,26,33,39,07
2289,29/04/2023,Re,NO,SI,03,14,19,34,39,12
2290,03/05/2023,Tr,NO,SI,09,13,22,39,41,16
2290,03/05/2023,Re,NO,SI,01,03,24,30,38,10
2291,06/05/2023,Tr,NO,SI,08,26,27,28,42,07
2291,06/05/2023,Re,NO,SI,04,10,17,23,32,02
2292,10/05/2023,Tr,NO,SI,13,14,15,25,32,14
2292,10/05/2023,Re,NO,SI,05,18,31,33,35,10
2293,13/05/2023,Tr,NO,SI,06,14,33,35,39,14
2293,13/05/2023,Re,NO,SI,18,30,33,34,37,08
2294,17/05/2023,Tr,NO,SI,03,05,15,25,29,11
2294,17/05/2023,Re,NO,SI,01,03,11,26,36,02
2295,20/05/2023,Tr,NO,SI,03,04,23,35,42,07
2295,20/05/2023,Re,NO,SI,03,07,20,25,33,01
2296,24/05/2023,Tr,NO,SI,01,06,27,29,39,08
2296,24/05/2023,Re,NO,SI,05,13,16,32,35,04
2297,27/05/2023,Tr,NO,SI,06,10,21,24,33,02
2297,27/05/2023,Re,NO,SI,05,08,09,24,41,07
2298,31/05/2023,Tr,NO,SI,02,05,23,40,43,07
2298,31/05/2023,Re,NO,SI,03,06,13,16,25,04
2299,03/06/2023,Tr,NO,SI,09,27,30,39,41,10
2299,03/06/2023,Re,NO,SI,04,08,12,20,30,16
2300,07/06/2023,Tr,NO,SI,01,09,16,19,31,16
2300,07/06/2023,Re,NO,SI,11,29,36,39,43,13
